real_name,obs_1,obs_2
0,0.926809,0.13453
1,0.586028,0.298595
2,0.892873,0.163712
