real_name,obs_1,obs_2
0,0.985362,0.0
1,0.812862,0.0
2,0.978575,0.0
